2019-07-05 10:23:29,192.168.0.77
2019-07-05 10:24:59,192.168.0.77
2019-07-05 10:25:34,127.0.0.1
2019-07-05 10:25:51,127.0.0.1
2019-07-05 10:26:35,127.0.0.1
2019-07-05 10:26:49,127.0.0.1
2019-07-05 10:27:02,127.0.0.1
2019-07-05 10:27:24,127.0.0.1
2019-07-05 10:27:41,127.0.0.1
2019-07-05 10:27:47,127.0.0.1
2019-07-05 10:27:58,127.0.0.1
2019-07-05 10:28:20,127.0.0.1
2019-07-05 10:28:34,127.0.0.1
2019-07-05 10:28:42,127.0.0.1
2019-07-05 10:28:45,127.0.0.1
2019-07-05 10:28:51,127.0.0.1
2019-07-05 10:28:57,127.0.0.1
2019-07-05 10:29:00,127.0.0.1
